accession	domain	phylum	class_	order_	family	genus	species
GB_GCA_964402295.1	Bacteria	Acidobacteriota	Terriglobia	Bryobacterales	Bryobacteraceae	CADEFT01	CADEFT01 sp964402295
GB_GCA_051305935.1	Bacteria	Acidobacteriota	Thermoanaerobaculia	Gp7-AA8	Gp7-AA8	JACPDH01	JACPDH01 sp051305935
GB_GCA_963755825.1	Bacteria	Acidobacteriota	Thermoanaerobaculia	Multivoradales	UBA5704	DATBQN01	DATBQN01 sp963755825
GB_GCA_964237245.1	Bacteria	Acidobacteriota	Blastocatellia	Pyrinomonadales	Pyrinomonadaceae	GCA-002050365	GCA-002050365 sp964237245
GB_GCA_035279505.1	Bacteria	Acidobacteriota	Terriglobia	Terriglobales	Acidobacteriaceae	Sulfotelmatobacter	Sulfotelmatobacter sp035279505
GB_GCA_903923395.1	Bacteria	Acidobacteriota	Terriglobia	Bryobacterales	Bryobacteraceae	BOG-234	BOG-234 sp903923395
GB_GCA_035278895.1	Bacteria	Acidobacteriota	Thermoanaerobaculia	Multivoradales	UBA5704	DATARR01	DATARR01 sp035278895
GB_GCA_964523615.1	Bacteria	Acidobacteriota	Aminicenantia	Aminicenantales	Saccharicenantaceae	RBG-16-66-30	RBG-16-66-30 sp964523615
GB_GCA_963765085.1	Bacteria	Acidobacteriota	Terriglobia	Bryobacterales	Bryobacteraceae	Palsa-187	Palsa-187 sp963765085
GB_GCA_963805975.1	Bacteria	Acidobacteriota	Thermoanaerobaculia	Multivoradales	SZUA-115	CAWDVR01	CAWDVR01 sp963805975
RS_GCF_004011505.1	Bacteria	Actinomycetota	Actinomycetes	Streptosporangiales	Streptosporangiaceae	Nonomuraea	Nonomuraea polychroma
RS_GCF_029541745.1	Bacteria	Actinomycetota	Actinomycetes	Streptomycetales	Streptomycetaceae	Streptomyces	Streptomyces sp007595705
RS_GCF_030418315.1	Bacteria	Actinomycetota	Actinomycetes	Actinomycetales	Demequinaceae	Demequina	Demequina zhanjiangensis
GB_GCA_025924515.1	Bacteria	Actinomycetota	Actinomycetes	Mycobacteriales	Jatrophihabitantaceae	JAICIE01	JAICIE01 sp025924515
GB_GCA_029959365.1	Bacteria	Actinomycetota	Actinomycetes	Actinomycetales	Microbacteriaceae	Arenivirga	Arenivirga sp029959365
RS_GCF_001417775.1	Bacteria	Actinomycetota	Actinomycetes	Streptomycetales	Streptomycetaceae	Streptomyces	Streptomyces sp001417775
GB_GCA_016711325.1	Bacteria	Actinomycetota	Actinomycetes	Propionibacteriales	Propionibacteriaceae	Propioniciclava	Propioniciclava sp016711325
RS_GCF_048060475.1	Bacteria	Actinomycetota	Actinomycetes	Streptosporangiales	Streptosporangiaceae	Nocardiopsis	Nocardiopsis sp048060475
GB_GCA_900770865.1	Bacteria	Actinomycetota	Coriobacteriia	Coriobacteriales	Atopobiaceae	Tractidigestivibacter	Tractidigestivibacter sp900770865
GB_GCA_036561505.1	Bacteria	Actinomycetota	Thermoleophilia	Solirubrobacterales	Solirubrobacteraceae	Palsa-744	Palsa-744 sp036561505
GB_GCA_905221545.1	Bacteria	Bacillota	Bacilli	Lactobacillales	Streptococcaceae	Streptococcus	Streptococcus sp905221545
RS_GCF_001886265.1	Bacteria	Bacillota	Bacilli	Lactobacillales	Enterococcaceae	Enterococcus_B	Enterococcus_B thailandicus
GB_GCA_964455975.1	Bacteria	Bacillota	Clostridia	TANB77	CAG-508	JAETTH01	JAETTH01 sp964455975
GB_GCA_027685415.1	Bacteria	Bacillota	Bacilli	Lactobacillales	Streptococcaceae	Streptococcus	Streptococcus sp027685415
GB_GCA_012518975.1	Bacteria	Bacillota	Clostridia	Lachnospirales	Lachnospiraceae	Mobilitalea	Mobilitalea sp012518975
GB_GCA_029981855.1	Bacteria	Bacillota	Halanaerobiia	Halanaerobiales	DTU029	JARRCS01	JARRCS01 sp029981855
GB_GCA_945949385.1	Bacteria	Bacillota	Clostridia	Oscillospirales	CAG-272	Avispirillum	Avispirillum sp945949385
GB_GCA_045590175.1	Bacteria	Bacillota	Clostridia	Oscillospirales	Acutalibacteraceae	UMGS1532	UMGS1532 sp045590175
GB_GCA_947178015.1	Bacteria	Bacillota	Clostridia	Lachnospirales	Lachnospiraceae	RGIG8607	RGIG8607 sp947178015
GB_GCA_947629525.1	Bacteria	Bacillota	Clostridia	Lachnospirales	Lachnospiraceae	COE1	COE1 sp947629525
GB_GCA_029098125.1	Bacteria	Bacillota_I	Bacilli_A	RFN20	CAG-826	Onthovivens	Onthovivens sp029098125
GB_GCA_051649265.1	Bacteria	Bacillota_I	Bacilli_A	Mycoplasmatales	Mycoplasmoidaceae	CAMREV01	CAMREV01 sp051649265
GB_GCA_000437395.1	Bacteria	Bacillota_I	Bacilli_A	RFN20	CAG-288	CAG-288	CAG-288 sp000437395
GB_GCA_947626855.1	Bacteria	Bacillota_I	Bacilli_A	RF39	UBA660	UBA5578	UBA5578 sp947626855
GB_GCA_900554615.1	Bacteria	Bacillota_I	Bacilli_A	RF39	UBA660	CAG-302	CAG-302 sp900554615
GB_GCA_902783185.1	Bacteria	Bacillota_I	Bacilli_A	RF39	UBA660	RUG12834	RUG12834 sp902783185
GB_GCA_944372025.1	Bacteria	Bacillota_I	Bacilli_A	RF39	UBA660	JAFSEX01	JAFSEX01 sp944372025
GB_GCA_015059155.1	Bacteria	Bacillota_I	Bacilli_A	RF39	UBA660	UMGS1613	UMGS1613 sp015059155
GB_GCA_012513195.1	Bacteria	Bacillota_I	Bacilli_A	Haloplasmatales	Haloplasmataceae	JAAZCR01	JAAZCR01 sp012513195
GB_GCA_018714385.1	Bacteria	Bacillota_I	Bacilli_A	RFN20	CAG-288	Enterosoma	Enterosoma merdigallinarum
RS_GCF_002283365.1	Bacteria	Bacteroidota	Rhodothermia	Rhodothermales	Rubricoccaceae	Rubrivirga	Rubrivirga marina
GB_GCA_934229335.1	Bacteria	Bacteroidota	Bacteroidia	Bacteroidales	Bacteroidaceae	Prevotella	Prevotella sp934229335
GB_GCA_964538375.1	Bacteria	Bacteroidota	Bacteroidia	Bacteroidales	GCA-2748055	JAUUZQ01	JAUUZQ01 sp964538375
GB_GCA_004552385.1	Bacteria	Bacteroidota	Bacteroidia	Bacteroidales	Marinilabiliaceae	W3P20-009	W3P20-009 sp004552385
GB_GCA_046303595.1	Bacteria	Bacteroidota	Bacteroidia	M30B66	M30B66	CAMCXT01	CAMCXT01 sp046303595
GB_GCA_947496555.1	Bacteria	Bacteroidota	Bacteroidia	Flavobacteriales	Flavobacteriaceae	Aquimarina	Aquimarina sp947496555
GB_GCA_947176545.1	Bacteria	Bacteroidota	Bacteroidia	Bacteroidales	Muribaculaceae	Lepagella	Lepagella sp947176545
GB_GCA_902800525.1	Bacteria	Bacteroidota	Bacteroidia	Bacteroidales	Paludibacteraceae	Colicola	Colicola sp902800525
RS_GCF_040545805.1	Bacteria	Bacteroidota	Bacteroidia	Flavobacteriales	Weeksellaceae	Moheibacter	Moheibacter stercoris
GB_GCA_030694935.1	Bacteria	Bacteroidota	Bacteroidia	Flavobacteriales	Flavobacteriaceae	Lutibacter	Lutibacter sp030694935
RS_GCF_000155475.1	Bacteria	Campylobacterota	Campylobacteria	Campylobacterales	Helicobacteraceae	Helicobacter_C	Helicobacter_C cinaedi
GB_GCA_947090385.1	Bacteria	Campylobacterota	Campylobacteria	Campylobacterales	Campylobacteraceae	Campylobacter_B	Campylobacter_B sp947090385
RS_GCF_002335445.1	Bacteria	Campylobacterota	Campylobacteria	Campylobacterales	Nautiliaceae	Lebetimonas	Lebetimonas natsushimae
RS_GCF_937949835.1	Bacteria	Campylobacterota	Campylobacteria	Campylobacterales	Campylobacteraceae	Campylobacter_B	Campylobacter_B sp937949835
GB_GCA_027019465.1	Bacteria	Campylobacterota	Campylobacteria	Campylobacterales	Nautiliaceae	JALTBU01	JALTBU01 sp027019465
RS_GCF_030296895.1	Bacteria	Campylobacterota	Campylobacteria	Campylobacterales	Helicobacteraceae	Helicobacter	Helicobacter felistomachi
GB_GCA_903903705.1	Bacteria	Campylobacterota	Campylobacteria	Campylobacterales	Sulfurimonadaceae	Sulfurimonas	Sulfurimonas sp903903705
GB_GCA_030826885.1	Bacteria	Campylobacterota	Campylobacteria	Campylobacterales	Sulfurovaceae	Sulfurovum	Sulfurovum sp030826885
GB_GCA_964499805.1	Bacteria	Campylobacterota	Campylobacteria	Campylobacterales	Sulfurimonadaceae	Sulfurimonas	Sulfurimonas sp964499805
RS_GCF_000024885.1	Bacteria	Campylobacterota	Campylobacteria	Campylobacterales	Sulfurospirillaceae	Sulfurospirillum	Sulfurospirillum deleyianum
GB_GCA_002412595.1	Bacteria	Chloroflexota	Anaerolineae	Anaerolineales	Anaerolineaceae	Pelolinea	Pelolinea sp002412595
GB_GCA_964614895.1	Bacteria	Chloroflexota	Anaerolineae	UBA1429	UBA1429	DAIRUQ01	DAIRUQ01 sp964614895
GB_GCA_022616275.1	Bacteria	Chloroflexota	Anaerolineae	Promineifilales	Promineifilaceae	G022616275	G022616275 sp022616275
GB_GCA_963814185.1	Bacteria	Chloroflexota	Anaerolineae	Aggregatilineales	Phototrophicaceae	Flexifilum	Flexifilum sp963814185
GB_GCA_937124585.1	Bacteria	Chloroflexota	Anaerolineae	CG2-30-64-16	CG2-30-64-16	CAKZKT01	CAKZKT01 sp937124585
GB_GCA_019912965.1	Bacteria	Chloroflexota	Anaerolineae	Aggregatilineales	Phototrophicaceae	CFX2	CFX2 sp019912965
GB_GCA_965261195.1	Bacteria	Chloroflexota	Dehalococcoidia	Lucifugimonadales	UBA3495	Bin87	Bin87 sp965261195
GB_GCA_963663065.2	Bacteria	Chloroflexota	Anaerolineae	Aggregatilineales	Phototrophicaceae	UBA6055	UBA6055 sp963663065
GB_GCA_963838085.1	Bacteria	Chloroflexota	Chloroflexia	Chloroflexales	Roseiflexaceae	DASTWM01	DASTWM01 sp963838085
GB_GCA_050257995.1	Bacteria	Chloroflexota	Anaerolineae	UBA4142	UBA4142	JBLMXX01	JBLMXX01 sp050257995
GB_GCA_016208305.1	Bacteria	Cyanobacteriota	Cyanobacteriia	Elainellales	Elainellaceae	Drouetiella	Drouetiella sp016208305
RS_GCF_034932365.1	Bacteria	Cyanobacteriota	Cyanobacteriia	Cyanobacteriales	Microcoleaceae	Capilliphycus	Capilliphycus robustus
GB_GCA_043752545.1	Bacteria	Cyanobacteriota	Cyanobacteriia	Elainellales	Elainellaceae	CASBQJ01	CASBQJ01 sp043752545
GB_GCA_031398925.1	Bacteria	Cyanobacteriota	Cyanobacteriia	Gloeobacterales	Anthocerotibacteraceae	JANNOF01	JANNOF01 sp031398925
GB_GCA_949127775.1	Bacteria	Cyanobacteriota	Cyanobacteriia	Cyanobacteriales	Microcoleaceae	Microcoleus	Microcoleus sp949127775
GB_GCA_036702475.1	Bacteria	Cyanobacteriota	Cyanobacteriia	Cyanobacteriales	Microcoleaceae	Microcoleus	Microcoleus sp036702475
GB_GCA_041879365.1	Bacteria	Cyanobacteriota	Cyanobacteriia	Phormidesmidales	Phormidesmidaceae	Nodosilinea	Nodosilinea sp041879365
GB_GCA_021323475.1	Bacteria	Cyanobacteriota	Vampirovibrionia	Vampirovibrionales	Vampirovibrionaceae	Vampirovibrio	Vampirovibrio sp021323475
GB_GCA_039815385.1	Bacteria	Cyanobacteriota	Cyanobacteriia	Phormidesmidales	Phormidesmidaceae	SIO4C1	SIO4C1 sp039815385
GB_GCA_943371005.1	Bacteria	Cyanobacteriota	Cyanobacteriia	Cyanobacteriales	MRBY01	MRBY01	MRBY01 sp943371005
GB_GCA_036000865.1	Bacteria	Desulfobacterota	Binatia	UBA9968	UBA9968	DP-20	DP-20 sp036000865
RS_GCF_963664155.2	Bacteria	Desulfobacterota	Desulfobacteria	Desulfobacterales	Desulfosarcinaceae	Desulfosarcina	Desulfosarcina sp963664155
GB_GCA_964225545.1	Bacteria	Desulfobacterota	Binatia	UBA1149	SPBQ01	SPBQ01	SPBQ01 sp964225545
GB_GCA_011389515.1	Bacteria	Desulfobacterota	Desulfobacteria	Desulfobacterales	Desulfosalsimonadaceae	B1SED10-16	B1SED10-16 sp011389515
GB_GCA_016234425.1	Bacteria	Desulfobacterota	SM23-61	SM23-61	SM23-61	JACRCA01	JACRCA01 sp016234425
GB_GCA_017993615.1	Bacteria	Desulfobacterota	Syntrophia	Syntrophales	Smithellaceae	Smithella	Smithella sp017993615
GB_GCA_016218095.1	Bacteria	Desulfobacterota	GWC2-55-46	GWC2-55-46	GWC2-55-46	GWB2-55-19	GWB2-55-19 sp016218095
GB_GCA_021817345.1	Bacteria	Desulfobacterota	Binatia	Binatales	Binataceae	DTIX01	DTIX01 sp021817345
GB_GCA_021737695.1	Bacteria	Desulfobacterota	Desulfobacteria	Desulfobacterales	Desulfobacteraceae	Desulfotignum	Desulfotignum sp021737695
GB_GCA_031255035.1	Bacteria	Desulfobacterota	Desulfovibrionia	Desulfovibrionales	Desulfovibrionaceae	Frigididesulfovibrio	Frigididesulfovibrio sp031255035
GB_GCA_043744935.1	Bacteria	Gemmatimonadota	Gemmatimonadetes	Gemmatimonadales	Gemmatimonadaceae	Gemmatimonas	Gemmatimonas sp043744935
GB_GCA_033720355.1	Bacteria	Gemmatimonadota	Gemmatimonadetes	Palauibacterales	Palauibacteraceae	Palauibacter	Palauibacter sp033720355
GB_GCA_039584255.1	Bacteria	Gemmatimonadota	Gemmatimonadetes	Palauibacterales	Palauibacteraceae	JBDGYE01	JBDGYE01 sp039584255
GB_GCA_050733215.1	Bacteria	Gemmatimonadota	Gemmatimonadetes	Gemmatimonadales	GWC2-71-9	DASQPE01	DASQPE01 sp050733215
GB_GCA_965116095.1	Bacteria	Gemmatimonadota	Gemmatimonadetes	Longimicrobiales	Gaopeijiaceae	G965116095	G965116095 sp965116095
GB_GCA_035761145.1	Bacteria	Gemmatimonadota	Gemmatimonadetes	Gemmatimonadales	GWC2-71-9	CAMLHU01	CAMLHU01 sp035761145
GB_GCA_019637355.1	Bacteria	Gemmatimonadota	Gemmatimonadetes	Gemmatimonadales	Gemmatimonadaceae	Pseudogemmatithrix	Pseudogemmatithrix sp019637355
GB_GCA_031365045.1	Bacteria	Gemmatimonadota	Gemmatimonadetes	Gemmatimonadales	GWC2-71-9	CAMLHU01	CAMLHU01 sp031365045
GB_GCA_965221785.1	Bacteria	Gemmatimonadota	Gemmatimonadetes	Longimicrobiales	Gaopeijiaceae	BD2-11	BD2-11 sp965221785
GB_GCA_031380785.1	Bacteria	Gemmatimonadota	Gemmatimonadetes	Gemmatimonadales	Gemmatimonadaceae	JACMLX01	JACMLX01 sp031380785
GB_GCA_028751055.1	Archaea	Halobacteriota	Halobacteria	Halobacteriales	Halorutilaceae	Halorutilus	Halorutilus sp028751055
RS_GCF_038432375.1	Archaea	Halobacteriota	Methanosarcinia	Methanosarcinales	Methanosarcinaceae	Methanococcoides	Methanococcoides cohabitans
RS_GCF_041821145.1	Archaea	Halobacteriota	Halobacteria	Halobacteriales	Haloferacaceae	Halopenitus	Halopenitus sp041821145
GB_GCA_027066965.1	Archaea	Halobacteriota	Archaeoglobi	Archaeoglobales	Archaeoglobaceae	WAPX01	WAPX01 sp027066965
RS_GCF_041447285.1	Archaea	Halobacteriota	Methanosarcinia	Methanosarcinales	Methanosarcinaceae	Methanomethylovorans	Methanomethylovorans sp041447285
RS_GCF_900110455.1	Archaea	Halobacteriota	Halobacteria	Halobacteriales	Natrialbaceae	Natrinema	Natrinema salifodinae
RS_GCF_020405185.1	Archaea	Halobacteriota	Halobacteria	Halobacteriales	Haloarculaceae	Halomicrobium	Halomicrobium salinisoli
GB_GCA_049516515.1	Archaea	Halobacteriota	Methanomicrobia	Methanomicrobiales	Methanospirillaceae	Methanoregula	Methanoregula sp049516515
RS_GCF_013377755.1	Archaea	Halobacteriota	Methanomicrobia	Methanomicrobiales	Methanofollaceae	Methanofollis	Methanofollis tationis
GB_GCA_902386255.1	Archaea	Halobacteriota	Methanosarcinia	Methanosarcinales	Methanoperedenaceae	Methanoperedens	Methanoperedens sp902386255
GB_GCA_029861865.1	Bacteria	Myxococcota_A	Polyangia	Polyangiales	Houyiibacteriaceae	SG8-38	SG8-38 sp029861865
GB_GCA_049889515.1	Bacteria	Myxococcota_A	UBA796	UBA796	GCA-2862545	JBMHDG01	JBMHDG01 sp049889515
GB_GCA_019314525.1	Bacteria	Myxococcota_A	Polyangia	GCA-2747355	GCA-2747355	JAFCZD01	JAFCZD01 sp019314525
GB_GCA_964431675.1	Bacteria	Myxococcota_A	Polyangia	Fen-1088	Fen-1088	CAYSKR01	CAYSKR01 sp964431675
GB_GCA_964531095.1	Bacteria	Myxococcota_A	Polyangia	Polyangiales	Polyangiaceae	Palsa-1150	Palsa-1150 sp964531095
GB_GCA_040902485.1	Bacteria	Myxococcota_A	UBA9160	SZUA-336	SZUA-336	VGRW01	VGRW01 sp040902485
GB_GCA_017990795.1	Bacteria	Myxococcota_A	Polyangia	Palsa-1104	JAEUJZ01	JAGNNG01	JAGNNG01 sp017990795
GB_GCA_049512415.1	Bacteria	Myxococcota_A	Polyangia	Polyangiales	Polyangiaceae	Palsa-1150	Palsa-1150 sp049512415
GB_GCA_031415295.1	Bacteria	Myxococcota_A	Polyangia	Polyangiales	Polyangiaceae	Polyangium	Polyangium sp031415295
GB_GCA_051952595.1	Bacteria	Myxococcota_A	Polyangia	Haliangiales	Haliangiaceae	JABFXX01	JABFXX01 sp051952595
GB_GCA_046538795.1	Archaea	Nanobdellota	Nanobdellia	Woesearchaeales	CAZJJJ01	JBKHIF01	JBKHIF01 sp046538795
GB_GCA_964373955.1	Archaea	Nanobdellota	Nanobdellia	Woesearchaeales	GW2011-AR9	CAYJXA01	CAYJXA01 sp964373955
GB_GCA_047602735.1	Archaea	Nanobdellota	Nanobdellia	Woesearchaeales	21-14-0-10-32-9	SKIS01	SKIS01 sp047602735
GB_GCA_964498295.1	Archaea	Nanobdellota	Nanobdellia	Pacearchaeales	GW2011-AR1	CABMGO01	CABMGO01 sp964498295
GB_GCA_024277205.1	Archaea	Nanobdellota	Nanobdellia	CSSed11-243R1	CSSed11-243R1	WALP01	WALP01 sp024277205
GB_GCA_964393215.1	Archaea	Nanobdellota	Nanobdellia	SCGC-AAA011-G17	PNOQ01	CAYFNK01	CAYFNK01 sp964393215
GB_GCA_964419615.1	Archaea	Nanobdellota	Nanobdellia	Woesearchaeales	JAGVZT01	JAANXH01	JAANXH01 sp964419615
GB_GCA_036169915.1	Archaea	Nanobdellota	Nanobdellia	Pacearchaeales	GW2011-AR1	ARS1285	ARS1285 sp036169915
GB_GCA_016866975.1	Archaea	Nanobdellota	Nanobdellia	Pacearchaeales	GW2011-AR1	VGKP01	VGKP01 sp016866975
GB_GCA_013203345.1	Archaea	Nanobdellota	Nanobdellia	Woesearchaeales	UBA11576	JABMQF01	JABMQF01 sp013203345
GB_GCA_020061305.1	Bacteria	Patescibacteriota	Microgenomatia	UBA8517	UBA8517	DYGS01	DYGS01 sp020061305
GB_GCA_964505465.1	Bacteria	Patescibacteriota	Minisyncoccia	Minisyncoccales	Staskawiczbacteraceae	CAZDIG01	CAZDIG01 sp964505465
GB_GCA_017515205.1	Bacteria	Patescibacteriota	Saccharimonadia	Saccharimonadales	Saccharimonadaceae	Nanosyncoccus	Nanosyncoccus sp017515205
GB_GCA_041660965.1	Bacteria	Patescibacteriota	Gracilibacteria	BD1-5	JAGOOR01	JAGOOR01	JAGOOR01 sp041660965
GB_GCA_963736875.1	Bacteria	Patescibacteriota	Microgenomatia	CAZETR01	Amesbacteraceae	CAVTQH01	CAVTQH01 sp963736875
GB_GCA_002348615.1	Bacteria	Patescibacteriota	Saccharimonadia	Saccharimonadales	Saccharimonadaceae	UBA1020	UBA1020 sp002348615
GB_GCA_000993615.1	Bacteria	Patescibacteriota	Gracilibacteria	UBA1369	UBA12473	UBA12473	UBA12473 sp000993615
GB_GCA_001003605.1	Bacteria	Patescibacteriota	Minisyncoccia	Phycocordibacterales	UBA10002	UBA10002	UBA10002 sp001003605
GB_GCA_963747455.1	Bacteria	Patescibacteriota	Saccharimonadia	Saccharimonadales	Saccharimonadaceae	SZUA-359	SZUA-359 sp963747455
GB_GCA_002306315.1	Bacteria	Patescibacteriota	Microgenomatia	UBA1400	PJMF01	UBA1370	UBA1370 sp002306315
GB_GCA_009926815.1	Bacteria	Planctomycetota	Phycisphaerae	Phycisphaerales	SM1A02	SYAC01	SYAC01 sp009926815
GB_GCA_963662515.1	Bacteria	Planctomycetota	Phycisphaerae	Sedimentisphaerales	SM23-30	JAFGDI01	JAFGDI01 sp963662515
GB_GCA_035288065.1	Bacteria	Planctomycetota	Phycisphaerae	Sedimentisphaerales	Anaerobacaceae	JAFGCD01	JAFGCD01 sp035288065
GB_GCA_964615095.1	Bacteria	Planctomycetota	Planctomycetia	Pirellulales	Thermoguttaceae	JANXQG01	JANXQG01 sp964615095
GB_GCA_963767665.1	Bacteria	Planctomycetota	Planctomycetia	Pirellulales	Pirellulaceae	Rubripirellula	Rubripirellula sp963767665
GB_GCA_964599655.1	Bacteria	Planctomycetota	Planctomycetia	Isosphaerales	Isosphaeraceae	CAZRGV01	CAZRGV01 sp964599655
GB_GCA_041157565.1	Bacteria	Planctomycetota	UBA1135	UBA1135	GCA-002686595	SXXH01	SXXH01 sp041157565
GB_GCA_038330085.1	Bacteria	Planctomycetota	UBA1135	UBA1135	GCA-002686595	JAEUIA01	JAEUIA01 sp038330085
GB_GCA_964586145.1	Bacteria	Planctomycetota	Phycisphaerae	UBA1845	UBA1845	JAFGJQ01	JAFGJQ01 sp964586145
GB_GCA_964344685.1	Bacteria	Planctomycetota	Brocadiia	Brocadiales	Scalinduaceae	Scalindua	Scalindua sp964344685
GB_GCA_023255165.1	Bacteria	Pseudomonadota	Gammaproteobacteria	Pseudomonadales	Porticoccaceae	HTCC2207	HTCC2207 sp023255165
GB_GCA_964627395.1	Bacteria	Pseudomonadota	Gammaproteobacteria	Chromatiales	Chromatiaceae	MONJU	MONJU sp964627395
GB_GCA_958296035.1	Bacteria	Pseudomonadota	Alphaproteobacteria	Rhodobacterales	Rhodobacteraceae	MPNP01	MPNP01 sp958296035
GB_GCA_965216735.1	Bacteria	Pseudomonadota	Gammaproteobacteria	Arenicellales	CBDCFT01	CBDCFT01	CBDCFT01 sp965216735
GB_GCA_001801575.1	Bacteria	Pseudomonadota	Gammaproteobacteria	DSM-16500	DSM-16500	2-12-FULL-41-20	2-12-FULL-41-20 sp001801575
GB_GCA_036733845.1	Bacteria	Pseudomonadota	Gammaproteobacteria	Burkholderiales	Burkholderiaceae_C	Ramlibacter	Ramlibacter sp036733845
GB_GCA_905182275.1	Bacteria	Pseudomonadota	Gammaproteobacteria	Pseudomonadales	Porticoccaceae	HTCC2207	HTCC2207 sp905182275
RS_GCF_009176305.1	Bacteria	Pseudomonadota	Alphaproteobacteria	Rhizobiales	Rhizobiaceae	Rhizobium	Rhizobium dioscoreae
RS_GCF_030657435.1	Bacteria	Pseudomonadota	Alphaproteobacteria	Acetobacterales	Acetobacteraceae	Paracraurococcus	Paracraurococcus lichenis
GB_GCA_038327315.1	Bacteria	Pseudomonadota	Gammaproteobacteria	Burkholderiales	Gallionellaceae	Gallionella	Gallionella sp038327315
GB_GCA_964644505.1	Bacteria	Spirochaetota	Spirochaetia	Treponematales	Rectinemataceae	CAZXXZ01	CAZXXZ01 sp964644505
GB_GCA_937885175.1	Bacteria	Spirochaetota	Spirochaetia	Treponematales	Treponemataceae	Treponema_D	Treponema_D sp937885175
GB_GCA_965203515.1	Bacteria	Spirochaetota	Spirochaetia	SZUA-6	Bin103	CATQHW01	CATQHW01 sp965203515
GB_GCA_002412825.1	Bacteria	Spirochaetota	Spirochaetia	Treponematales	UBA12059	UBA5200	UBA5200 sp002412825
GB_GCA_003641675.1	Bacteria	Spirochaetota	Spirochaetia	SZUA-6	SZUA-6	SZUA-6	SZUA-6 sp003641675
GB_GCA_963541705.1	Bacteria	Spirochaetota	Spirochaetia	Treponematales	Treponemataceae	Treponema_B	Treponema_B sp963541705
GB_GCA_024693915.1	Bacteria	Spirochaetota	Spirochaetia	Treponematales	Treponemataceae	Treponema_D	Treponema_D sp024693915
GB_GCA_942492915.1	Bacteria	Spirochaetota	Leptospiria	Turneriellales	Turneriellaceae	Turneriella	Turneriella sp942492915
GB_GCA_949293335.1	Bacteria	Spirochaetota	Spirochaetia	Sphaerochaetales	Sphaerochaetaceae	Ornithospirochaeta	Ornithospirochaeta sp949293335
RS_GCF_910588665.1	Bacteria	Spirochaetota	Brachyspiria	Brachyspirales	Brachyspiraceae	Brachyspira	Brachyspira sp910588665
GB_GCA_002731905.1	Archaea	Thermoplasmatota	Poseidoniia	MGIII	CG-Epi1	UBA8886	UBA8886 sp002731905
GB_GCA_002724775.1	Archaea	Thermoplasmatota	Poseidoniia	MGIII	CG-Epi1	CG-Epi1	CG-Epi1 sp002724775
GB_GCA_964620455.1	Archaea	Thermoplasmatota	Thermoplasmata	Methanomassiliicoccales	Methanomethylophilaceae	Methanogranum	Methanogranum sp964620455
GB_GCA_902520595.1	Archaea	Thermoplasmatota	Poseidoniia	Poseidoniales	Poseidoniaceae	MGIIa-L1	MGIIa-L1 sp902520595
GB_GCA_030593885.1	Archaea	Thermoplasmatota	Thermoplasmata	RBG-16-68-12	SOIM01	JAGLME01	JAGLME01 sp030593885
GB_GCA_046540255.1	Archaea	Thermoplasmatota	Thermoplasmata	Methanomassiliicoccales	JAAEEP01	JBKHFJ01	JBKHFJ01 sp046540255
GB_GCA_041305025.1	Archaea	Thermoplasmatota	E2	DHVEG-1	DHVEG-1	JBFYMG01	JBFYMG01 sp041305025
GB_GCA_964541025.1	Archaea	Thermoplasmatota	Thermoplasmata	Thermoplasmatales	GCA-001856825	JAGDXO01	JAGDXO01 sp964541025
GB_GCA_002708385.1	Archaea	Thermoplasmatota	Poseidoniia	Poseidoniales	Thalassarchaeaceae	MGIIb-O1	MGIIb-O1 sp002708385
GB_GCA_000246735.1	Archaea	Thermoplasmatota	Poseidoniia	Poseidoniales	Poseidoniaceae	MGIIa-L1	MGIIa-L1 sp000246735
GB_GCA_016201435.1	Archaea	Thermoproteota	Nitrososphaeria	Nitrososphaerales	Nitrosopumilaceae	TA-20	TA-20 sp016201435
GB_GCA_038848765.1	Archaea	Thermoproteota	Bathyarchaeia	Bathyarchaeales	JAWCNH01	JAWCNH01	JAWCNH01 sp038848765
GB_GCA_035517955.1	Archaea	Thermoproteota	Bathyarchaeia	40CM-2-53-6	40CM-2-53-6	FEN-987	FEN-987 sp035517955
GB_GCA_035542635.1	Archaea	Thermoproteota	Bathyarchaeia	Bathyarchaeales	SOJC01	DATHCB01	DATHCB01 sp035542635
GB_GCA_029258915.1	Archaea	Thermoproteota	Thermoprotei_A	EX4484-217-1	EX4484-217-1	EX4484-217-1	EX4484-217-1 sp029258915
GB_GCA_025922755.1	Archaea	Thermoproteota	Nitrososphaeria	Nitrososphaerales	Nitrosopumilaceae	Nitrosomaritimum	Nitrosomaritimum sp025922755
GB_GCA_031254875.1	Archaea	Thermoproteota	Bathyarchaeia	Bathyarchaeales	Bathycorpusculaceae	Bathycorpusculum	Bathycorpusculum termitum
GB_GCA_964592315.1	Archaea	Thermoproteota	Bathyarchaeia	Bathyarchaeales	WAQA01	CAZQDW01	CAZQDW01 sp964592315
RS_GCF_000258425.1	Archaea	Thermoproteota	Thermoprotei_A	Sulfolobales	Fervidicoccaceae	Fervidicoccus	Fervidicoccus fontis
GB_GCA_005240025.1	Archaea	Thermoproteota	Nitrososphaeria	Nitrososphaerales	Nitrosopumilaceae	Nitrosotenuis	Nitrosotenuis sp005240025
GB_GCA_039806885.1	Bacteria	Verrucomicrobiota	Verrucomicrobiia	Verrucomicrobiales	DEV007	Arctic95D-9	Arctic95D-9 sp039806885
GB_GCA_017399165.1	Bacteria	Verrucomicrobiota	Verrucomicrobiia	Verrucomicrobiales	Akkermansiaceae	Akkermansia	Akkermansia sp017399165
GB_GCA_947478395.1	Bacteria	Verrucomicrobiota	Verrucomicrobiia	Opitutales	Opitutaceae	Tous-C4FEB	Tous-C4FEB sp903919985
GB_GCA_017418445.1	Bacteria	Verrucomicrobiota	Kiritimatiellia	RFP12	UBA1067	UBA1067	UBA1067 sp017418445
GB_GCA_017546455.1	Bacteria	Verrucomicrobiota	Verrucomicrobiia	Opitutales	UBA953	Spyradosoma	Spyradosoma sp017546455
GB_GCA_005805305.1	Bacteria	Verrucomicrobiota	Verrucomicrobiia	Limisphaerales	F1-80-MAGS106	F1-80-MAGS106	F1-80-MAGS106 sp005805305
RS_GCF_038725785.1	Bacteria	Verrucomicrobiota	Verrucomicrobiia	Opitutales	Opitutaceae	Termitidicoccus	Termitidicoccus mucosus
GB_GCA_051252375.1	Bacteria	Verrucomicrobiota	Verrucomicrobiia	Opitutales	Coraliomargaritaceae	JBPOFY01	JBPOFY01 sp051252375
GB_GCA_035473775.1	Bacteria	Verrucomicrobiota	Verrucomicrobiia	Chthoniobacterales	UBA10450	AV40	AV40 sp035473775
GB_GCA_016188985.1	Bacteria	Verrucomicrobiota	Kiritimatiellia	JAAZAB01	JAAZAB01	VSJD01	VSJD01 sp016188985
